participantID,condition,pNew,pOld,boxesFlipped,absColorDiff,blueFlipped,yellowFlipped,accuracy,discriminationError,boardDifficulty,trialRT,gender.x,age.x,education.x,gender.y,age.y,education.y
3,high,0.942842858,0.8234273364285715,8.142857142857142,3.857142857142857,4,4.142857142857143,1,0,19.714285714285715,27477.571428571428,2,32,7,2,32,7
3,low,0.9738833747142858,0.9102543421428572,11.571428571428571,5,5.571428571428571,6,1,0,19.714285714285715,8560.542857142857,2,32,7,2,32,7
3,medium,0.9687035364285714,0.8465788704285714,7.428571428571429,4.285714285714286,4.285714285714286,3.142857142857143,1,0,19.857142857142858,11142.728571428572,2,32,7,2,32,7
6,high,0.804170364,0.6402997631428572,3.142857142857143,1.7142857142857142,1.5714285714285714,1.5714285714285714,1,0,19.714285714285715,11440.014285714286,2,26,6,2,26,6
6,low,0.837657498,0.6853501455714286,4.285714285714286,2.2857142857142856,2.142857142857143,2.142857142857143,1,0,19.714285714285715,4066.7999999999997,2,26,6,2,26,6
6,medium,0.895962733,0.7208183832857142,4.142857142857143,2.7142857142857144,2.4285714285714284,1.7142857142857142,1,0,19.857142857142858,6929.142857142857,2,26,6,2,26,6
8,high,0.9893391177142857,0.9705984932857142,15.142857142857142,6.857142857142857,7.428571428571429,7.714285714285714,1,0,19.714285714285715,52138.77142857143,2,27,6,2,27,6
8,low,0.9984466280000001,0.9938616072857143,16.285714285714285,8,7.571428571428571,8.714285714285714,1,0,19.714285714285715,8162.528571428572,2,27,6,2,27,6
8,medium,0.9927771472857143,0.9852120535714286,17.428571428571427,6.571428571428571,9,8.428571428571429,1,0,19.857142857142858,20409.6,2,27,6,2,27,6
9,high,0.9160712018571429,0.8008264812857143,7.142857142857143,3.7142857142857144,3.4285714285714284,3.7142857142857144,1,0,19.714285714285715,31243.842857142856,2,32,6,2,32,6
9,low,0.9591669161428571,0.8573461258571429,7.714285714285714,4.571428571428571,3.857142857142857,3.857142857142857,1,0,19.714285714285715,11882.57142857143,2,32,6,2,32,6
9,medium,0.8486350787142857,0.7354619161428572,7.857142857142857,2.7142857142857144,3.857142857142857,4,1,0,19.857142857142858,18444.428571428572,2,32,6,2,32,6
13,high,0.8708891795714285,0.7100394112857142,4.571428571428571,2.5714285714285716,2,2.5714285714285716,1,0,19.714285714285715,15092.7,2,27,7,2,27,7
13,low,0.9288229388571428,0.8481148308571429,9.857142857142858,4.428571428571429,4.285714285714286,5.571428571428571,1,0,19.714285714285715,6519.614285714286,2,27,7,2,27,7
13,medium,0.828318229,0.7106165204285715,6,2.5714285714285716,3.2857142857142856,2.7142857142857144,1,0.14285714285714285,19.857142857142858,9454.114285714286,2,27,7,2,27,7
14,high,0.8872492795714285,0.7792224882857143,7.428571428571429,3.4285714285714284,3.5714285714285716,3.857142857142857,1,0,19.714285714285715,25615.114285714288,1,25,7,1,25,7
14,low,0.9774130201428571,0.8850781575714286,7.714285714285714,5.142857142857143,3.4285714285714284,4.285714285714286,1,0,19.714285714285715,6382.0142857142855,1,25,7,1,25,7
14,medium,0.9579339652857143,0.8598327635714286,8,4.571428571428571,4.285714285714286,3.7142857142857144,1,0,19.857142857142858,11216.257142857143,1,25,7,1,25,7
16,high,0.8625451828571429,0.7354813984285714,6.285714285714286,2.857142857142857,3.4285714285714284,2.857142857142857,0.8571428571428571,0,19.714285714285715,25975.685714285715,2,29,7,2,29,7
16,low,0.8833204127142857,0.7573103222857143,6.571428571428571,3.142857142857143,2.7142857142857144,3.857142857142857,1,0,19.714285714285715,15860.5,2,29,7,2,29,7
16,medium,0.8466123381428571,0.7123276847142858,5.714285714285714,2.5714285714285716,3.142857142857143,2.5714285714285716,0.7142857142857143,0,19.857142857142858,12975.742857142857,2,29,7,2,29,7
17,high,0.9815947155714285,0.962995257,14.428571428571429,6.714285714285714,6.571428571428571,7.857142857142857,1,0,19.714285714285715,45870.08571428571,2,29,4,2,29,4
17,low,0.9997940502857143,0.9977329798571428,16,8.857142857142858,7.142857142857143,8.857142857142858,1,0,19.714285714285715,10498.642857142857,2,29,4,2,29,4
17,medium,0.9991188968571428,0.9959542412857143,16.142857142857142,7.857142857142857,8.714285714285714,7.428571428571429,1,0,19.857142857142858,18763,2,29,4,2,29,4
23,high,0.9273866342857143,0.7910021371428572,5.714285714285714,3.7142857142857144,3,2.7142857142857144,0.8571428571428571,0,19.714285714285715,19305.2,2,25,6,2,25,6
23,low,0.9239937531428571,0.7942202428571429,7,3.5714285714285716,3.142857142857143,3.857142857142857,1,0,19.714285714285715,6143.657142857143,2,25,6,2,25,6
23,medium,0.8783883621428571,0.7477357045714286,6.142857142857143,3,3.4285714285714284,2.7142857142857144,1,0,19.857142857142858,9701.457142857143,2,25,6,2,25,6
27,high,0.94315534,0.8495314461428571,10,4,5,5,1,0,19.714285714285715,28472.485714285714,1,25,7,1,25,7
27,low,0.996208543,0.9854561942857143,15.857142857142858,7.285714285714286,7.571428571428571,8.285714285714286,1,0,19.714285714285715,7397.057142857143,1,25,7,1,25,7
27,medium,0.9755863122857144,0.9116298131428572,11.142857142857142,5.142857142857143,6.285714285714286,4.857142857142857,1,0,19.857142857142858,13203.785714285716,1,25,7,1,25,7
28,high,0.9093556965714286,0.7735992157142857,6.714285714285714,3.2857142857142856,3.142857142857143,3.5714285714285716,1,0,19.714285714285715,24242.871428571427,2,23,7,2,23,7
28,low,0.9326584455714286,0.7825751982857143,6,3.4285714285714284,2.857142857142857,3.142857142857143,1,0,19.714285714285715,7669.671428571429,2,23,7,2,23,7
28,medium,0.9171606034285714,0.7654397145714286,5.285714285714286,3.2857142857142856,3.2857142857142856,2,1,0,19.857142857142858,9102.485714285714,2,23,7,2,23,7
29,high,0.9156031658571429,0.8395712714285715,9.714285714285714,4.285714285714286,4,5.714285714285714,1,0,19.714285714285715,30829.185714285715,1,23,6,1,23,6
29,low,0.893826043,0.838256836,10.571428571428571,4.571428571428571,5,5.571428571428571,1,0,19.714285714285715,7221.042857142857,1,23,6,1,23,6
29,medium,0.9915853892857143,0.9369158064285714,10,6,5.428571428571429,4.571428571428571,1,0,19.857142857142858,12462.92857142857,1,23,6,1,23,6
30,high,0.9617683595714286,0.91595241,12.142857142857142,6.142857142857143,5,7.142857142857143,1,0,19.714285714285715,31801.742857142857,1,23,7,1,23,7
30,low,0.9942307861428571,0.9711935861428571,14.571428571428571,6.571428571428571,6.857142857142857,7.714285714285714,1,0,19.714285714285715,7821.4857142857145,1,23,7,1,23,7
30,medium,0.9793207534285714,0.9324433465714286,12.714285714285714,5.857142857142857,6.571428571428571,6.142857142857143,1,0,19.857142857142858,14585.028571428571,1,23,7,1,23,7
31,high,0.8881338714285715,0.795853206,8.571428571428571,3.7142857142857144,4.571428571428571,4,1,0,19.714285714285715,32781.94285714286,2,24,7,2,24,7
31,low,0.9970097878571429,0.9847128731428572,17.714285714285715,7.428571428571429,8.285714285714286,9.428571428571429,1,0,19.714285714285715,10248.085714285713,2,24,7,2,24,7
31,medium,0.9461289047142857,0.8905269078571428,12.142857142857142,5.285714285714286,6.428571428571429,5.714285714285714,1,0,19.857142857142858,22178.514285714286,2,24,7,2,24,7
32,high,1,1,17.714285714285715,8.285714285714286,8.857142857142858,8.857142857142858,1,0,19.714285714285715,54356.72857142857,2,24,7,2,24,7
32,low,1,1,19.428571428571427,8.857142857142858,9.857142857142858,9.571428571428571,1,0,19.714285714285715,11085.914285714285,2,24,7,2,24,7
32,medium,1,1,17.857142857142858,8.142857142857142,10,7.857142857142857,1,0,19.857142857142858,22500.371428571427,2,24,7,2,24,7
33,high,0.866424602,0.7251992224285715,5.571428571428571,2.7142857142857144,2.2857142857142856,3.2857142857142856,1,0,19.714285714285715,23321.257142857143,2,22,7,2,22,7
33,low,0.8354594102857142,0.7290221622857143,6.857142857142857,2.857142857142857,4.571428571428571,2.2857142857142856,0.5714285714285714,0,19.714285714285715,7052.771428571428,2,22,7,2,22,7
33,medium,0.8939537002857143,0.755882808,6.714285714285714,3,3.5714285714285716,3.142857142857143,1,0,19.857142857142858,11633.885714285714,2,22,7,2,22,7
34,high,0.9312449832857143,0.7860625128571429,6.571428571428571,3.4285714285714284,3,3.5714285714285716,1,0,19.714285714285715,20251.114285714284,2,22,7,2,22,7
34,low,0.9981009750000001,0.9925362722857143,20.142857142857142,9,10.285714285714286,9.857142857142858,1,0,19.714285714285715,8752.242857142857,2,22,7,2,22,7
34,medium,0.9595652997142857,0.869592939,9.571428571428571,4.428571428571429,4.857142857142857,4.714285714285714,1,0,19.857142857142858,13681.957142857143,2,22,7,2,22,7
36,high,0.9048409845714286,0.7616158894285715,5.285714285714286,3.2857142857142856,3,2.2857142857142856,0.8571428571428571,0,19.714285714285715,17084.14285714286,2,22,6,2,22,6
36,low,0.8177941657142858,0.7124552045714285,7.857142857142857,2.4285714285714284,3.857142857142857,4,1,0,19.714285714285715,10283.971428571429,2,22,6,2,22,6
36,medium,0.9210521647142857,0.7770617347142857,5.714285714285714,3.4285714285714284,3.142857142857143,2.5714285714285716,1,0,19.857142857142858,10767.528571428571,2,22,6,2,22,6
37,high,0.8644720498571429,0.6862082481428571,3.4285714285714284,2.2857142857142856,1.5714285714285714,1.8571428571428572,1,0,19.714285714285715,16033.7,2,22,7,2,22,7
37,low,0.8373646851428571,0.6759110178571428,3.857142857142857,2.142857142857143,1.7142857142857142,2.142857142857143,0.7142857142857143,0,19.714285714285715,5492.942857142857,2,22,7,2,22,7
37,medium,0.8123336292857143,0.6517411301428572,3.2857142857142856,1.8571428571428572,1.5714285714285714,1.7142857142857142,0.8571428571428571,0,19.857142857142858,8660.985714285714,2,22,7,2,22,7
39,high,1,1,17.285714285714285,8.714285714285714,8,9.285714285714286,1,0,19.714285714285715,53208.72857142857,2,24,7,2,24,7
39,low,1,1,18.285714285714285,8.285714285714286,8.571428571428571,9.714285714285714,1,0,19.714285714285715,11437.714285714286,2,24,7,2,24,7
39,medium,1,1,17.428571428571427,8.571428571428571,9,8.428571428571429,1,0,19.857142857142858,25610.52857142857,2,24,7,2,24,7
40,high,0.9591851294285715,0.870948519,9.714285714285714,4.571428571428571,4.428571428571429,5.285714285714286,1,0,19.714285714285715,39924.04285714286,2,25,7,2,25,7
40,low,0.9851759925714286,0.9510740552857143,16.428571428571427,7.857142857142857,7.714285714285714,8.714285714285714,1,0,19.714285714285715,11195.8,2,25,7,2,25,7
40,medium,0.984898124,0.9228320121428571,11.428571428571429,5.714285714285714,5.714285714285714,5.714285714285714,1,0,19.857142857142858,19918.67142857143,2,25,7,2,25,7
43,high,0.8512802558571428,0.809117879,8.857142857142858,4.285714285714286,4.571428571428571,4.285714285714286,1,0.14285714285714285,19.714285714285715,26158.542857142857,2,25,7,2,25,7
43,low,0.91750649,0.8852168491428571,15.428571428571429,6.285714285714286,8.285714285714286,7.142857142857143,1,0,19.714285714285715,8303.571428571428,2,25,7,2,25,7
43,medium,0.8666687087142857,0.8157585688571428,10.428571428571429,5.285714285714286,6.142857142857143,4.285714285714286,0.8571428571428571,0.14285714285714285,19.857142857142858,14064.642857142857,2,25,7,2,25,7
44,high,0.9992023537142857,0.9972098214285714,17.285714285714285,8.142857142857142,8.571428571428571,8.714285714285714,1,0,19.714285714285715,43730.05714285714,1,28,6,1,28,6
44,low,1,1,19.142857142857142,8.571428571428571,9.714285714285714,9.428571428571429,1,0,19.714285714285715,10695.585714285713,1,28,6,1,28,6
44,medium,0.999624637,0.9979073661428571,17.285714285714285,7.857142857142857,9.714285714285714,7.571428571428571,1,0,19.857142857142858,18807.185714285715,1,28,6,1,28,6
47,high,1,1,18.285714285714285,7.714285714285714,9.142857142857142,9.142857142857142,1,0,19.714285714285715,60548.08571428571,2,22,7,2,22,7
47,low,1,1,18.428571428571427,8.428571428571429,8.857142857142858,9.571428571428571,1,0,19.714285714285715,10155.571428571428,2,22,7,2,22,7
47,medium,1,1,17.857142857142858,9,9.571428571428571,8.285714285714286,1,0,19.857142857142858,25826.742857142857,2,22,7,2,22,7
48,high,0.9703014522857143,0.9110957552857143,12,5.142857142857143,5.857142857142857,6.142857142857143,1,0,19.714285714285715,45152.6,1,23,7,1,23,7
48,low,0.9806921167142857,0.9581734794285715,15.142857142857142,6.571428571428571,6.857142857142857,8.285714285714286,1,0,19.714285714285715,18646.97142857143,1,23,7,1,23,7
48,medium,0.9895307002857143,0.9465876988571429,11.571428571428571,6.428571428571429,6.142857142857143,5.428571428571429,1,0,19.857142857142858,24397.8,1,23,7,1,23,7
51,high,0.980407655,0.9375000001428572,13.142857142857142,5.714285714285714,6.428571428571429,6.714285714285714,1,0,19.714285714285715,45761.71428571428,2,22,7,2,22,7
51,low,1,1,21.714285714285715,10,10.142857142857142,11.571428571428571,1,0,19.714285714285715,11877.3,2,22,7,2,22,7
51,medium,0.9997096321428571,0.9942343575714285,16.857142857142858,8.571428571428571,8.571428571428571,8.285714285714286,1,0,19.857142857142858,23070.385714285712,2,22,7,2,22,7
52,high,0.9407252877142858,0.8160403112857143,7.285714285714286,3.857142857142857,3.5714285714285716,3.7142857142857144,1,0,19.714285714285715,24858.5,1,23,4,1,23,4
52,low,0.9127283454285714,0.835873195,9.142857142857142,4.285714285714286,4.571428571428571,4.571428571428571,1,0,19.714285714285715,13499.728571428572,1,23,4,1,23,4
52,medium,0.9471017057142858,0.8422350201428571,8.714285714285714,4.142857142857143,4.285714285714286,4.428571428571429,1,0,19.857142857142858,22190.485714285714,1,23,4,1,23,4
54,high,0.9357634587142857,0.7994255337142857,6.285714285714286,3.7142857142857144,3,3.2857142857142856,1,0,19.714285714285715,16994.214285714286,2,23,7,2,23,7
54,low,0.942964829,0.8179407118571429,7.285714285714286,3.857142857142857,3.2857142857142856,4,1,0,19.714285714285715,4610.414285714286,2,23,7,2,23,7
54,medium,0.925093882,0.7741898805714286,6.142857142857143,3.2857142857142856,2.7142857142857144,3.4285714285714284,0.8571428571428571,0,19.857142857142858,7487.8,2,23,7,2,23,7
55,high,0.9265289915714285,0.81067030757142855,6.857142857142857,4,3,3.857142857142857,1,0,19.714285714285715,19654.114285714284,3,22,7,3,22,7
55,low,0.9624929605714285,0.9113725935714285,12.142857142857142,5.285714285714286,5.857142857142857,6.285714285714286,1,0,19.714285714285715,5827.728571428572,3,22,7,3,22,7
55,medium,0.943409611,0.8632409231428572,11.428571428571429,4,6,5.428571428571429,1,0,19.857142857142858,13475.285714285714,3,22,7,3,22,7
56,high,0.9591540461428572,0.9054347445714286,13,4.714285714285714,5.857142857142857,7.142857142857143,1,0,19.714285714285715,42992.44285714286,2,22,7,2,22,7
56,low,0.9818748918571428,0.9590323312857143,14.428571428571429,6.714285714285714,6.857142857142857,7.571428571428571,1,0,19.714285714285715,8271.657142857142,2,22,7,2,22,7
56,medium,0.9974764915714286,0.9752110074285715,12.428571428571429,7,7,5.428571428571429,1,0,19.857142857142858,15765.514285714286,2,22,7,2,22,7
58,high,0.9640784185714286,0.8955710272857142,10.428571428571429,5.285714285714286,5.142857142857143,5.285714285714286,1,0,19.714285714285715,32828.8,2,23,6,2,23,6
58,low,0.9976948857142858,0.9886648997142857,17.714285714285715,7.714285714285714,8.285714285714286,9.428571428571429,1,0,19.714285714285715,8740.8,2,23,6,2,23,6
58,medium,0.9707728401428571,0.9141736711428571,11.285714285714286,5.285714285714286,6.142857142857143,5.142857142857143,1,0,19.857142857142858,15086.657142857142,2,23,6,2,23,6
60,high,0.9292668555714285,0.8397200445714286,8.857142857142858,4.571428571428571,4.714285714285714,4.142857142857143,0.8571428571428571,0,19.714285714285715,27547.642857142855,2,23,7,2,23,7
60,low,0.9914843374285714,0.9760044644285715,15.571428571428571,7,7,8.571428571428571,1,0,19.714285714285715,8151.5999999999995,2,23,7,2,23,7
60,medium,0.9088023217142858,0.8415320258571428,8.285714285714286,4.285714285714286,4.142857142857143,4.142857142857143,1,0.14285714285714285,19.857142857142858,15624.57142857143,2,23,7,2,23,7
61,high,0.937191426,0.7747885157142858,4.857142857142857,3.4285714285714284,2,2.857142857142857,1,0,19.714285714285715,14446.028571428571,1,32,7,1,32,7
61,low,0.9499160212857143,0.8877762384285715,11.714285714285714,4.857142857142857,5.428571428571429,6.285714285714286,1,0,19.714285714285715,6047.4,1,32,7,1,32,7
61,medium,0.9750479642857143,0.8859158924285714,8.142857142857142,5.285714285714286,4.428571428571429,3.7142857142857144,1,0,19.857142857142858,9047.771428571428,1,32,7,1,32,7
62,high,0.8610083211428572,0.7298941611428572,7,2.7142857142857144,3.4285714285714284,3.5714285714285716,1,0,19.714285714285715,25740.942857142858,2,23,7,2,23,7
62,low,0.8505812164285714,0.8355364118571429,15.428571428571429,6.571428571428571,7.285714285714286,8.142857142857142,0.8571428571428571,0.14285714285714285,19.714285714285715,8042.528571428571,2,23,7,2,23,7
62,medium,0.953817774,0.8137945447142857,5.714285714285714,4,2.2857142857142856,3.4285714285714284,0.8571428571428571,0,19.857142857142858,9530.328571428572,2,23,7,2,23,7
63,high,0.9483122127142857,0.9390345982857143,17.142857142857142,6.857142857142857,8.714285714285714,8.428571428571429,1,0,19.714285714285715,58621.04285714286,2,26,4,2,26,4
63,low,1,1,24.857142857142858,10.857142857142858,11.857142857142858,13,1,0,19.714285714285715,12731.542857142857,2,26,4,2,26,4
63,medium,0.9970424782857142,0.9921875,19.142857142857142,9.428571428571429,9.714285714285714,9.428571428571429,1,0,19.857142857142858,23833.385714285716,2,26,4,2,26,4
64,high,0.9965627942857143,0.9889090402857142,15.714285714285714,7.428571428571429,7.714285714285714,8,1,0,19.714285714285715,46807.271428571425,1,24,7,1,24,7
64,low,0.9934469164285714,0.9815848215714286,16.571428571428573,7.428571428571429,8.142857142857142,8.428571428571429,1,0,19.714285714285715,12869.728571428572,1,24,7,1,24,7
64,medium,0.9507768507142857,0.9251534598571428,14.142857142857142,6.428571428571429,8.142857142857142,6,1,0,19.857142857142858,24083.057142857142,1,24,7,1,24,7
65,high,0.9559072828571429,0.8306493075714285,7,4.142857142857143,3.2857142857142856,3.7142857142857144,1,0,19.714285714285715,22662.5,1,22,7,1,22,7
65,low,0.969512748,0.9119168691428572,11.571428571428571,5.571428571428571,5.714285714285714,5.857142857142857,1,0,19.714285714285715,7910.3,1,22,7,1,22,7
65,medium,0.9315226044285715,0.8416115897142857,9.285714285714286,4.142857142857143,4.714285714285714,4.571428571428571,1,0,19.857142857142858,13815.142857142857,1,22,7,1,22,7
66,high,0.9442024978333333,0.895670573,11.833333333333334,5.5,6.166666666666667,5.666666666666667,1,0,22.333333333333332,43415.28333333333,1,35,7,1,35,7
66,low,0.999541613,0.9954020183333333,15.166666666666666,8.5,7.5,7.666666666666667,1,0,6.166666666666667,11786.983333333334,1,35,7,1,35,7
66,medium,0.9785255338333333,0.907819748,10.833333333333334,5.5,5.833333333333333,5,1,0,21.833333333333332,15343.383333333333,1,35,7,1,35,7
67,high,0.9253322747142857,0.7586802752857142,5.142857142857143,3.142857142857143,2.2857142857142856,2.857142857142857,1,0,19.714285714285715,18622.185714285715,1,22,4,1,22,4
67,low,0.9708153377142857,0.928213937,12.428571428571429,5.571428571428571,5.714285714285714,6.714285714285714,1,0,19.714285714285715,7630.257142857143,1,22,4,1,22,4
67,medium,0.9190717294285714,0.8297168187142857,8.428571428571429,4.142857142857143,4.571428571428571,3.857142857142857,1,0,19.857142857142858,12741.342857142858,1,22,4,1,22,4
68,high,0.8757763975714286,0.7005099568571428,4.142857142857143,2.4285714285714284,2,2.142857142857143,1,0,19.714285714285715,21090.2,1,22,7,1,22,7
68,low,0.9085177228571428,0.736941678,4.857142857142857,2.857142857142857,2.2857142857142856,2.5714285714285716,1,0,19.714285714285715,7652.385714285714,1,22,7,1,22,7
68,medium,0.9096273292857142,0.7193882124285714,3.5714285714285716,2.7142857142857144,2.142857142857143,1.4285714285714286,1,0,19.857142857142858,12366.757142857143,1,22,7,1,22,7
70,high,0.9770051590000001,0.9224572862857142,12,5.428571428571429,5.142857142857143,6.857142857142857,1,0,19.714285714285715,40732.25714285714,1,23,7,1,23,7
70,low,0.9890221717142857,0.960623605,14.142857142857142,6.142857142857143,6.857142857142857,7.285714285714286,1,0,19.714285714285715,10257.985714285714,1,23,7,1,23,7
70,medium,0.9620799624285714,0.9223131451428571,13.142857142857142,6,6.857142857142857,6.285714285714286,1,0,19.857142857142858,18084.314285714285,1,23,7,1,23,7
71,high,0.9494476691428572,0.8504796368571429,10.428571428571429,4.142857142857143,5.142857142857143,5.285714285714286,1,0,19.714285714285715,32622.042857142857,1,24,7,1,24,7
71,low,0.9792814838571429,0.8906447545714286,8.285714285714286,5.714285714285714,4.428571428571429,3.857142857142857,1,0,19.714285714285715,4546.3,1,24,7,1,24,7
71,medium,0.9415122344285715,0.8417148588571428,9.428571428571429,4,4.571428571428571,4.857142857142857,1,0,19.857142857142858,10733.742857142857,1,24,7,1,24,7
73,high,0.9897385315714285,0.9659598214285714,13.714285714285714,6.571428571428571,6.142857142857143,7.571428571428571,1,0,19.714285714285715,43481.9,2,23,6,2,23,6
73,low,0.9829598292857142,0.9611184258571429,14.142857142857142,7.285714285714286,6.142857142857143,8,1,0,19.714285714285715,10990.114285714286,2,23,6,2,23,6
73,medium,0.9971304265714286,0.987060547,14.428571428571429,7.285714285714286,7.428571428571429,7,1,0,19.857142857142858,21463.97142857143,2,23,6,2,23,6
76,high,0.9802858762857143,0.9468296597142857,13.857142857142858,6.142857142857143,6.142857142857143,7.714285714285714,1,0,19.714285714285715,38743.55714285714,2,25,7,2,25,7
76,low,0.997204969,0.9955357142857143,19.714285714285715,9.142857142857142,9,10.714285714285714,1,0,19.714285714285715,8081.5999999999995,2,25,7,2,25,7
76,medium,0.9958855258571429,0.9866420201428572,15.571428571428571,7.571428571428571,8.142857142857142,7.428571428571429,1,0,19.857142857142858,15879.457142857143,2,25,7,2,25,7
79,high,0.9996273291428571,0.9988839285714286,17.428571428571427,8.285714285714286,8.142857142857142,9.285714285714286,1,0,19.714285714285715,45992.514285714286,2,22,7,2,22,7
79,low,0.9996273291428571,0.9988839285714286,17,8.714285714285714,7.714285714285714,9.285714285714286,1,0,19.714285714285715,11803.185714285713,2,22,7,2,22,7
79,medium,1,1,17.428571428571427,8.571428571428571,8.857142857142858,8.571428571428571,1,0,19.857142857142858,21964.185714285715,2,22,7,2,22,7
80,high,0.8498780291428571,0.6985945018571429,5.714285714285714,2.2857142857142856,2.4285714285714284,3.2857142857142856,0.8571428571428571,0,19.714285714285715,20018.7,2,22,7,2,22,7
80,low,0.9176409327142857,0.7672196795714286,5.571428571428571,3.2857142857142856,3,2.5714285714285716,0.8571428571428571,0,19.714285714285715,4474.728571428572,2,22,7,2,22,7
80,medium,0.8925909494285714,0.7222485541428572,4.428571428571429,2.7142857142857144,2.2857142857142856,2.142857142857143,1,0,19.857142857142858,7224.5999999999995,2,22,7,2,22,7
83,high,0.9736166457142857,0.9288068497142857,14,6,5.714285714285714,8.285714285714286,1,0,19.714285714285715,41185.77142857143,2,22,7,2,22,7
83,low,1,1,19.857142857142858,7.857142857142857,9.428571428571429,10.428571428571429,1,0,19.714285714285715,11192.3,2,22,7,2,22,7
83,medium,0.9997096321428571,0.9942343575714285,16.285714285714285,8.285714285714286,8.714285714285714,7.571428571428571,1,0,19.857142857142858,22703.914285714287,2,22,7,2,22,7
86,high,0.9966594234285714,0.987097604,15.571428571428571,7,7.571428571428571,8,1,0,19.714285714285715,54648.31428571429,2,24,7,2,24,7
86,low,0.9987258977142858,0.9930594308571429,16.142857142857142,7.285714285714286,7.714285714285714,8.428571428571429,1,0,19.714285714285715,8536.614285714286,2,24,7,2,24,7
86,medium,0.998641809,0.9946986607142857,16.428571428571427,7.857142857142857,8.714285714285714,7.714285714285714,1,0,19.857142857142858,19549.085714285713,2,24,7,2,24,7
87,high,0.842591499,0.7245208877142857,6.285714285714286,2.857142857142857,3.5714285714285716,2.7142857142857144,1,0,19.714285714285715,27070.15714285714,2,27,6,2,27,6
87,low,0.9880429424285715,0.9599939074285714,15.285714285714286,7.285714285714286,6.857142857142857,8.428571428571429,1,0,19.714285714285715,13060.542857142857,2,27,6,2,27,6
87,medium,0.9428228591428571,0.8593908035714286,9.285714285714286,4.714285714285714,4.428571428571429,4.857142857142857,1,0,19.857142857142858,15850.128571428571,2,27,6,2,27,6
88,high,0.8550729492857143,0.7296066284285715,5.714285714285714,2.857142857142857,3,2.7142857142857144,0.8571428571428571,0,19.714285714285715,20775.342857142856,1,43,6,1,43,6
88,low,0.9834681928571428,0.9333256311428572,11,6.142857142857143,5.714285714285714,5.285714285714286,1,0,19.714285714285715,8705.442857142856,1,43,6,1,43,6
88,medium,0.9100522498571428,0.7894205362857143,7.714285714285714,3.4285714285714284,4,3.7142857142857144,1,0,19.857142857142858,15288.385714285714,1,43,6,1,43,6
90,high,0.9378879654285714,0.8918533325714286,12.714285714285714,5,6.142857142857143,6.571428571428571,1,0,19.714285714285715,51330.2,2,23,4,2,23,4
90,low,0.996255889,0.9883858817142858,16.571428571428573,8,7.857142857142857,8.714285714285714,1,0,19.714285714285715,11213.971428571429,2,23,4,2,23,4
90,medium,0.9667346801428571,0.9148515972857143,11.571428571428571,5.285714285714286,6.142857142857143,5.428571428571429,1,0,19.857142857142858,21841.342857142856,2,23,4,2,23,4
91,high,0.8979709962857143,0.8277384212857143,11,4.714285714285714,4.285714285714286,6.714285714285714,1,0,19.714285714285715,34627.05714285714,2,24,7,2,24,7
91,low,0.990125185,0.9684513637142858,20.428571428571427,9,9.428571428571429,11,1,0,19.714285714285715,10724.014285714286,2,24,7,2,24,7
91,medium,0.9962848297142857,0.9868164062857143,18.857142857142858,8.285714285714286,10.571428571428571,8.285714285714286,1,0,19.857142857142858,25537.12857142857,2,24,7,2,24,7
92,high,0.8898136647142857,0.684206009,2.5714285714285716,2.2857142857142856,0.8571428571428571,1.7142857142857142,0.8571428571428571,0,19.714285714285715,10812.842857142858,1,22,4,1,22,4
92,low,0.8641193778571429,0.7083196638571428,5.571428571428571,2.4285714285714284,2.2857142857142856,3.2857142857142856,0.8571428571428571,0,19.714285714285715,5299.814285714286,1,22,4,1,22,4
92,medium,0.9098921217142857,0.7395999431428572,5.142857142857143,2.857142857142857,3,2.142857142857143,1,0,19.857142857142858,10593.371428571429,1,22,4,1,22,4
93,high,0.8965236072857142,0.7374986921428571,4.428571428571429,3,2.857142857142857,1.5714285714285714,0.5714285714285714,0,19.714285714285715,16077.085714285715,2,24,7,2,24,7
93,low,0.9987794934285714,0.9946986607142857,18.428571428571427,7.857142857142857,9,9.428571428571429,1,0,19.714285714285715,8660.728571428572,2,24,7,2,24,7
93,medium,0.9228943522857143,0.8583962575714286,12.571428571428571,4.285714285714286,6,6.571428571428571,1,0,19.857142857142858,17940.514285714286,2,24,7,2,24,7
95,high,0.9829080464285714,0.9568394252857143,15,5.857142857142857,7.285714285714286,7.714285714285714,1,0,19.714285714285715,38452.671428571426,1,23,7,1,23,7
95,low,0.9999140984285714,0.9983956472857143,19,8.142857142857142,9,10,1,0,19.714285714285715,9121.242857142857,1,23,7,1,23,7
95,medium,0.9998644308571428,0.9986049107142857,16.285714285714285,9.142857142857142,8.428571428571429,7.857142857142857,1,0,19.857142857142858,16357.828571428572,1,23,7,1,23,7
96,high,0.8260869565714286,0.7723506518571428,8.714285714285714,4.428571428571429,2.857142857142857,5.857142857142857,0.7142857142857143,0.2857142857142857,19.714285714285715,35717.65714285714,2,25,7,2,25,7
96,low,1,1,21.142857142857142,9.428571428571429,10.571428571428571,10.571428571428571,1,0,19.714285714285715,13098.114285714286,2,25,7,2,25,7
96,medium,1,1,18.714285714285715,8.428571428571429,9.428571428571429,9.285714285714286,1,0,19.857142857142858,30332.62857142857,2,25,7,2,25,7
97,high,0.8809050578571428,0.695790393,3.2857142857142856,2.4285714285714284,1.5714285714285714,1.7142857142857142,1,0,19.714285714285715,17146.557142857142,2,22,7,2,22,7
97,low,0.8377107367142858,0.6753389494285714,3.857142857142857,2.142857142857143,1.4285714285714286,2.4285714285714284,0.8571428571428571,0,19.714285714285715,9995.771428571428,2,22,7,2,22,7
97,medium,0.7937355814285714,0.6423020022857143,3.7142857142857144,1.7142857142857142,2.142857142857143,1.5714285714285714,1,0,19.857142857142858,11410.257142857143,2,22,7,2,22,7
98,high,0.953205296,0.8361616132857143,7.857142857142857,4.142857142857143,3.7142857142857144,4.142857142857143,1,0,19.714285714285715,23450.457142857143,2,24,7,2,24,7
98,low,0.973608061,0.9321507045714286,14.428571428571429,6.714285714285714,6.714285714285714,7.714285714285714,1,0,19.714285714285715,11852.128571428571,2,24,7,2,24,7
98,medium,0.9108995361428571,0.81604181,7.714285714285714,4,3.5714285714285716,4.142857142857143,1,0,19.857142857142858,11065.771428571428,2,24,7,2,24,7
100,high,0.9994782608,0.9984375,18.6,7.4,8.4,10.2,1,0,6,78503.98,2,22,7,2,22,7
100,low,1,1,19.142857142857142,8,9.285714285714286,9.857142857142858,1,0,19.714285714285715,32284.52857142857,2,22,7,2,22,7
100,medium,1,1,18,8.666666666666666,8.833333333333334,9.166666666666666,1,0,6.166666666666667,40103.01666666667,2,22,7,2,22,7
104,high,0.9575461032857143,0.8835274831428571,10.428571428571429,4.714285714285714,5.142857142857143,5.285714285714286,1,0,19.714285714285715,40470.21428571428,1,22,7,1,22,7
104,low,0.9705416034285714,0.9140472411428572,11.857142857142858,5,5.285714285714286,6.571428571428571,1,0,19.714285714285715,17661.2,1,22,7,1,22,7
104,medium,0.9501186745714286,0.8943241664285714,11.714285714285714,4.857142857142857,6,5.714285714285714,1,0,19.857142857142858,27475.62857142857,1,22,7,1,22,7
107,high,0.9505336781428572,0.8514724457142857,8.857142857142858,4.285714285714286,4.428571428571429,4.428571428571429,1,0,19.714285714285715,28751.485714285714,1,22,4,1,22,4
107,low,0.9902870988571428,0.9449397495714286,12.142857142857142,6.428571428571429,5.285714285714286,6.857142857142857,1,0,19.714285714285715,7046.857142857143,1,22,4,1,22,4
107,medium,0.9699657437142857,0.9200199671428572,12,5.714285714285714,6.285714285714286,5.714285714285714,1,0,19.857142857142858,15279,1,22,4,1,22,4
109,high,0.8722929995714286,0.7356489044285714,6.428571428571429,2.7142857142857144,2.7142857142857144,3.7142857142857144,0.8571428571428571,0,19.714285714285715,21816.357142857145,2,29,7,2,29,7
109,low,0.9771321158571429,0.9074317387142857,10.142857142857142,5.571428571428571,5.285714285714286,4.857142857142857,1,0,19.714285714285715,5785.828571428571,2,29,7,2,29,7
109,medium,0.8546334965714286,0.7146425245714285,5.714285714285714,2.5714285714285716,3.142857142857143,2.5714285714285716,1,0,19.857142857142858,8796.214285714286,2,29,7,2,29,7
110,high,1,1,17.857142857142858,8.428571428571429,8.571428571428571,9.285714285714286,1,0,19.714285714285715,67564.42857142857,1,24,7,1,24,7
110,low,1,1,19.142857142857142,8.857142857142858,9.142857142857142,10,1,0,19.714285714285715,20575.35714285714,1,24,7,1,24,7
110,medium,1,1,19.142857142857142,9.142857142857142,9.857142857142858,9.285714285714286,1,0,19.857142857142858,29628.485714285714,1,24,7,1,24,7
111,high,0.9598366851428571,0.8484586987142857,8,4.285714285714286,3.857142857142857,4.142857142857143,1,0,19.714285714285715,22383.27142857143,1,24,7,1,24,7
111,low,0.9967144202857143,0.9841548374285715,16.142857142857142,8.428571428571429,7.571428571428571,8.571428571428571,1,0,19.714285714285715,6951.742857142857,1,24,7,1,24,7
111,medium,0.9859537774285714,0.9083393641428571,10.142857142857142,5,5.285714285714286,4.857142857142857,1,0,19.857142857142858,12020.185714285715,1,24,7,1,24,7
114,high,1,1,17.142857142857142,8.857142857142858,7.857142857142857,9.285714285714286,1,0,19.714285714285715,56999.41428571429,1,30,7,1,30,7
114,low,1,1,17.142857142857142,8.857142857142858,7.857142857142857,9.285714285714286,1,0,19.714285714285715,12885.042857142857,1,30,7,1,30,7
114,medium,1,1,17.142857142857142,8.857142857142858,8.857142857142858,8.285714285714286,1,0,19.857142857142858,23107.457142857143,1,30,7,1,30,7
115,high,0.9750300942857143,0.87184797,7.714285714285714,4.857142857142857,3.5714285714285716,4.142857142857143,1,0,19.714285714285715,36880.08571428571,1,31,6,1,31,6
115,low,0.9947616482857143,0.9773297992857143,15,7,7.285714285714286,7.714285714285714,1,0,19.714285714285715,12554.828571428572,1,31,6,1,31,6
115,medium,0.9097015418571429,0.8536616734285714,9,4.428571428571429,4.428571428571429,4.571428571428571,0.8571428571428571,0.14285714285714285,19.857142857142858,22161.171428571426,1,31,6,1,31,6
117,high,0.9650444205714286,0.8985682895714285,10.714285714285714,5,4.714285714285714,6,1,0,19.714285714285715,41406.91428571429,2,22,7,2,22,7
117,low,0.9694279175714285,0.9015393938571429,10.571428571428571,5.142857142857143,5,5.571428571428571,1,0,19.714285714285715,10733.1,2,22,7,2,22,7
117,medium,0.973487862,0.9065554482857142,11,5,5.714285714285714,5.285714285714286,1,0,19.857142857142858,20268.571428571428,2,22,7,2,22,7
118,high,0.955273075,0.7992209707142858,5.428571428571429,3.7142857142857144,2.5714285714285716,2.857142857142857,1,0,19.714285714285715,21748.67142857143,1,23,7,1,23,7
118,low,0.9438774687142857,0.8151397022857143,7,3.857142857142857,3.5714285714285716,3.4285714285714284,1,0,19.714285714285715,9248.757142857143,1,23,7,1,23,7
118,medium,0.923575398,0.7740836141428571,6.857142857142857,3.142857142857143,3.7142857142857144,3.142857142857143,1,0,19.857142857142858,15801.328571428572,1,23,7,1,23,7
120,high,0.9987905917142857,0.9934082031428572,16.428571428571427,8.428571428571429,7.571428571428571,8.857142857142858,1,0,19.714285714285715,66744.97142857143,1,23,7,1,23,7
120,low,1,1,17.142857142857142,8.857142857142858,7.857142857142857,9.285714285714286,1,0,19.714285714285715,16168.614285714286,1,23,7,1,23,7
120,medium,0.9932600042857143,0.9791434151428572,16.714285714285715,7.571428571428571,8.857142857142858,7.857142857142857,1,0,19.857142857142858,27890.17142857143,1,23,7,1,23,7
122,high,0.9106027398571429,0.8016730715714285,8.714285714285714,3.5714285714285716,4.428571428571429,4.285714285714286,1,0,19.714285714285715,27081.428571428572,1,27,7,1,27,7
122,low,0.9569765207142857,0.9042388371428571,14,6,7.571428571428571,6.428571428571429,1,0,19.714285714285715,12205.442857142856,1,27,7,1,27,7
122,medium,0.9485323374285715,0.8487006594285714,9.857142857142858,4.142857142857143,5.571428571428571,4.285714285714286,1,0,19.857142857142858,17383.214285714286,1,27,7,1,27,7
124,high,0.9694456088571428,0.908846174,10.142857142857142,5.571428571428571,5,5.142857142857143,1,0,19.714285714285715,30600.628571428573,1,27,7,1,27,7
124,low,0.990447433,0.9733886718571428,14.857142857142858,6.857142857142857,6.571428571428571,8.285714285714286,1,0,19.714285714285715,8019.5,1,27,7,1,27,7
124,medium,0.9559786935714286,0.8968135288571428,11.285714285714286,5.285714285714286,6.142857142857143,5.142857142857143,1,0,19.857142857142858,13250,1,27,7,1,27,7
128,high,0.9644419551428571,0.9375305175714286,14.142857142857142,5.857142857142857,6.428571428571429,7.714285714285714,1,0,19.714285714285715,33858.45714285714,1,29,6,1,29,6
128,low,0.9997271311428572,0.9980119978571429,19,9.285714285714286,8.857142857142858,10.142857142857142,1,0,19.714285714285715,6979.4857142857145,1,29,6,1,29,6
128,medium,0.9945768512857143,0.9726279122857143,14,7.714285714285714,6.714285714285714,7.285714285714286,1,0,19.857142857142858,13831.971428571429,1,29,6,1,29,6
130,high,0.9629259848571429,0.8632616315714285,8.142857142857142,4.714285714285714,4,4.142857142857143,1,0,19.714285714285715,24844.314285714285,1,23,7,1,23,7
130,low,0.9881949118571428,0.9604473114285714,15.285714285714286,7.857142857142857,7.428571428571429,7.857142857142857,1,0,19.714285714285715,8267.2,1,23,7,1,23,7
130,medium,0.9900877974285714,0.9477560859999999,11.142857142857142,6.285714285714286,5.857142857142857,5.285714285714286,1,0,19.857142857142858,14488.685714285715,1,23,7,1,23,7
131,high,0.9289434675714285,0.8247291018571429,9,3.857142857142857,4.428571428571429,4.571428571428571,1,0,19.714285714285715,35362.05714285714,1,23,7,1,23,7
131,low,0.9651628201428571,0.9061549051428571,10.142857142857142,6.142857142857143,5,5.142857142857143,1,0,19.714285714285715,9718.228571428572,1,23,7,1,23,7
131,medium,0.9796678762857143,0.9387948174285714,12.571428571428571,5.714285714285714,6.428571428571429,6.142857142857143,1,0,19.857142857142858,28652.657142857144,1,23,7,1,23,7
